Rok,Przewidywana_ludnosc
2024,110516.1983141473
2025,109943.18353518865
2026,109370.16875622999
2027,108797.15397727133
2028,108224.1391983127
2029,107651.12441935402
2030,107078.10964039537
